"place_id","name","address","city","lat","lng","phone","website","rating","reviews_count","hours","photo_reference","map_url"
"ChIJE1wygNGJfg0Ruiny-1ObfNo","1 6 8 Fitness oran","31000, Oran 31000","Oran",35.695003799999995,-0.6168739,"+213 555 16 81 68","https://www.instagram.com/1.6.8_oran?igsh=aGczYW5sNXZ0cmRu",4.8,21,"lundi: 07:00 – 23:00; mardi: 07:00 – 23:00; mercredi: 07:00 – 23:00; jeudi: 07:00 – 21:00; vendredi: Fermé; samedi: 07:00 – 23:00; dimanche: 07:00 – 23:00","places/ChIJE1wygNGJfg0Ruiny-1ObfNo/photos/ATKogpeZB9YRmufQGavx6Nh8iRTGXq6il03lGDiZHmf6hjevT68tMeAhuhaQfnPdcM0E9kDwpKtouJCiZ9RM3SHVOr5fERewmzn9B6UcgIz789Dme5tPHwnfCfH7iDM3L9YpghDrvj-K8CPNzwg9xFKWC_Ur3SGuFmjotMUTufk_RMq-UEcEkil-4EoNwo_cwAtvMQHehh4TPRiAC1VbyA7fMhc1gW1WkAaYRKhz7cTiBQOXZyThaCh7Cdo1ENWKAPrHvrUL5LHZwSt3DuYP_rIzQKAKUKHLDHerfaYQ0Pkw105OlA","https://www.google.com/maps/search/?api=1&query=35.695003799999995,-0.6168739&query_place_id=ChIJE1wygNGJfg0Ruiny-1ObfNo"
"ChIJc7NIH2CtjxIRHhGbNbLHj-Y","Strongbody hydra","P2QV+FHJ, Hydra","Alger",36.7387984,3.0440578,"+213 541 81 64 31","https://www.instagram.com/strongbody_hydra22?igsh=MWNpdHR2cTNnZTE2dQ==",4.3,22,"lundi: 06:00 – 00:00; mardi: 06:00 – 00:00; mercredi: 06:00 – 00:00; jeudi: 06:00 – 00:00; vendredi: 06:00 – 00:00; samedi: 06:00 – 00:00; dimanche: 06:00 – 00:00","places/ChIJc7NIH2CtjxIRHhGbNbLHj-Y/photos/ATKogpcwJ-qCraDr0nnYcs5o2o6DF7KFuw7lEgJhMsJIJS3AKVeDYJJrqdE_rbpzEJYI8VSgaGCnp_DMuYeFM-OAtN6qIj8ALYcecp6PpVJPB3gRemglzExYN9XVgqi7KqdRFtidRpPY4vlHLsByeYzap3DaGj22H23DcS6IhifITEgIEpsIZ8NIz5wu-ZwgXA-xQOCF2AAjocfSQrKZl7FyViRAxwDyi9LD_5FzjYr3O9AHw4OIqkH6FokKe-5HrcZXUv0Pv_oQ0ZJdYIoh8DK0cxipLZ1ZmH-8r8MXV1lOvVrLaz2owIinO7VJpJu5YBrELViWUahe-LL2itjkEnl5iMpUZGMIi_VvxG4bpq7TA98wasTFDuOjSC4M0dq3tFU5kKxr_kEhAB9ds-6_tkohiZYd8B1RQTKVqOWhZ0motdSHkeo","https://www.google.com/maps/search/?api=1&query=36.7387984,3.0440578&query_place_id=ChIJc7NIH2CtjxIRHhGbNbLHj-Y"
"ChIJhTVgEdatjxIRrOjU45jQ528","Body Glad Fitness El Madania","62 Bd Abderrahmane LAALA, El Madania","Alger",36.7423986,3.0643031,"+213 559 78 96 58","",3.9,40,"lundi: 06:00 – 00:00; mardi: 06:00 – 00:00; mercredi: 06:00 – 00:00; jeudi: 06:00 – 00:00; vendredi: 08:00 – 00:00; samedi: 08:00 – 00:00; dimanche: 06:00 – 00:00","places/ChIJhTVgEdatjxIRrOjU45jQ528/photos/ATKogpfPNjXY08V38zH0khbv9wTaXz8qmFILWg2lXWstINMZm5kdNjs6YC9IIxRuDHDmU7Q043-29L24kSlYCmDXk5nkMbbI4B_vzbdaCnm02DE_EG1N5IdGlNyCSBpSF0Nx9f6CRmBuVX98Emd1yMaUQc9Irvn0bMQSh9LmPp_iT0gLXEwLXyvFXWv968or2B7WVB6i-osZcWC2-9q_pJflBNn2ePWi0UbOUL_iXkrg-3IaKFcFBlcujFQrKaGgiNH1OW-zzsAA97eHCTjDyLZDYHfWFURY9rcKgVUI6luzvgonCcJ3ysMa2gz1Tvd4cFLFf0dROylgKbPVt_XH6uTbB2eza_hYlLOi_SS20BbcoABNOMMlvCiFIkCgtWSl_Zij6YJbmR2MtvhFHmCvbvy48VrcB9FMPjBedpZzmMS4QHEMTg","https://www.google.com/maps/search/?api=1&query=36.7423986,3.0643031&query_place_id=ChIJhTVgEdatjxIRrOjU45jQ528"
"ChIJZ1QfNh-tjxIRVioTzFV25oA","Salle omnisports la concorde","Chem. de la CONCORDE, Bir Mourad Raïs","Alger",36.734186099999995,3.0429945999999997,"","",3.9,53,"","places/ChIJZ1QfNh-tjxIRVioTzFV25oA/photos/ATKogpdZqO5FxlUOo066XrWW13BI1zzYXFiwlIWHtOxZhDuoz_ocvMfunwsV3dy3-Vaq5BIvSHShCfw8BNawbTvKQUMA7f3sNc4SZ70wc3PL2ATaxkj6CHR9GKsGlmVG9fA83bW1ULp2LF1JaE3tbze8gemWbbTS84OGkRiKkCmLyMS0ezA-2GVJ0TelTt3DjPxxt-QS4-Aev7F5uA15jvE1Nngfl9Yf9b4ox5gTr_U3xrXeQk1D5a81JJV_NtoTQXWbYcHCgIHxMsi4QvRVTpZAz1SknGsrizXy7Sz3-_QCHpnsPL9poxvS3Mnm2Xxoz1qrNbWG44az2C8nMnvkA_C5LPKjQsBrsmO3Sf_HWMAzgH6ku9fVTaP1dqgleOpzplrEPeuc4F7VJfWOVFGKjOQHu6MwFJlAh6O_rjncq84DXIfoI2iN","https://www.google.com/maps/search/?api=1&query=36.734186099999995,3.0429945999999997&query_place_id=ChIJZ1QfNh-tjxIRVioTzFV25oA"
"ChIJO_tXYvmJfg0R5htakdmq-zw","Fox Gym Oran","15 Av. Colonel Amirouche, Oran","Oran",35.68964,-0.6547949,"+213 541 77 66 18","https://www.facebook.com/FoxGymOran/",3.8,38,"lundi: 07:00 – 23:30; mardi: 07:00 – 23:30; mercredi: 07:00 – 23:30; jeudi: 07:00 – 23:30; vendredi: 15:00 – 23:00; samedi: 07:00 – 23:30; dimanche: 07:00 – 23:00","places/ChIJO_tXYvmJfg0R5htakdmq-zw/photos/ATKogpdouxK6kpmksa3ASzd_WqMlAFUSDSMszQHmUcmFWrBswWhpL44ZtfpaZEEkfbzYZ2CI5wui8xN2_RJXXnn0UW_aA2VRKQuiqRFT7vjmQHdq0iunphi93LkyPzesvztXrXOWi821M4EyKRWzDtRC1AZBVubJFAS8HYBQ2qS0ekJa0cIAQn0br-p_bkHsncjze2y3kt0UEXMrpagNhnXDn8LSGOsmXl8M0-etfpHkfhqiip7PpnpXjgCgtX6HuxY4B9X5q-jmKGhcKHpqnqP8H7e5XIIJx6bborNm1LlqItVk-Q","https://www.google.com/maps/search/?api=1&query=35.68964,-0.6547949&query_place_id=ChIJO_tXYvmJfg0R5htakdmq-zw"
"ChIJU17l4kSxjxIRiCo9JF3jw70","Flex gym","Ben Aknoun 16000","Alger",36.7527547,3.014061,"+213 559 73 74 09","",4.2,14,"lundi: 09:00 – 12:00, 14:00 – 23:00; mardi: 09:00 – 12:00, 14:00 – 23:00; mercredi: 09:00 – 18:00, 19:00 – 22:00; jeudi: 09:00 – 22:00; vendredi: 14:00 – 17:00, 18:00 – 22:00; samedi: 09:00 – 12:00, 13:00 – 17:00, 18:00 – 22:00; dimanche: 13:00 – 22:00","places/ChIJU17l4kSxjxIRiCo9JF3jw70/photos/ATKogpeuSeMRz3nc_LKpusqTVWYo2AXb4PHwVFz1RA7j86O14iCN0UO6xXyI-BNGWD-rrTsZTrSgD57W6TU3o_Ecryt6kxQidhehDJU_Z-sbWhRMGZKa65qg3znEp8URN9vuTWkTAamL8n9QsQ05DBgq2ejIO-WPOalqOBJ25Af6LTEX0Sq_D4jLVtniyqVKephHCbmzhtRp40sycicFs8Dh8oScEyM5as-jQttfgWes0SqiV303_G1qwB3Y0oddO2QPnSqmcTXNEW7NCUM8bCht1PZDPNpMgWO6EkO5hUC12OY","https://www.google.com/maps/search/?api=1&query=36.7527547,3.014061&query_place_id=ChIJU17l4kSxjxIRiCo9JF3jw70"
"ChIJ1We-eYGJfg0RmuC2qzVUjSw","Extreme Gym","M9P2+9VW, Av. Mustapha Ben Boulaid, Oran","Oran",35.685981700000006,-0.6477962,"+213 792 77 19 35","",4.6,10,"lundi: 08:00 – 22:00; mardi: 08:00 – 22:00; mercredi: 08:00 – 22:00; jeudi: 08:00 – 22:00; vendredi: 16:00 – 22:00; samedi: 08:00 – 22:00; dimanche: 08:00 – 22:00","places/ChIJ1We-eYGJfg0RmuC2qzVUjSw/photos/ATKogpfus-wI2Wt97fskVs2skjzdoVxZi0Qn153qupprqDgDe1jlEFUqG5Nc2JT8VDniIa59AzXU7jpesOjwVaZDFe7btRm8_L0kwA5HGwW_q3shErcnPAolFy6-8LVx348QU642NXNkBlzznX1NoN39djMJ_ONEhDoScMeY4sFAPuzTomPmp2ZNLAp37KI7j5Nn6hq2lI_XjPtL6LtNgyp5YfczMc8e-e_dI-0eU1IlTtXmzESF0BzMWxf7wJW-WTjhwz5zbaXp1x2M-0wc-6PvNuYFAkjvtxzd3nPgHh_SOZov1pb04r_l1gY7pnBz3U328cx44lbjSs0E8VYXJ_xZtNl2VVX57TDSQZnP_y6DHbYy-5jfp3pooS0Q-Tbj3ecWSqQJDFtQ5-JMW0l5OL79SgqxDN1UDBhA4T4kZtC_8LeVYA","https://www.google.com/maps/search/?api=1&query=35.685981700000006,-0.6477962&query_place_id=ChIJ1We-eYGJfg0RmuC2qzVUjSw"
"ChIJi8CDLvh38RIRDOL88n-fFg8","Joker gym","9J2R+JC5, Constantine","Constantine",36.351850999999996,6.6410298,"","",5,1,"","","https://www.google.com/maps/search/?api=1&query=36.351850999999996,6.6410298&query_place_id=ChIJi8CDLvh38RIRDOL88n-fFg8"
"ChIJ0y8hd06Ifg0RqXYaGq07If8","Salle de sports Hichami Gym","31000 Rue Belair, Oran","Oran",35.700944199999995,-0.6280424,"+213 41 85 26 41","https://www.facebook.com/pages/Hichami-GYM/267425170065944?ref=hl",4.5,47,"lundi: 06:00 – 22:30; mardi: 06:00 – 22:30; mercredi: 06:00 – 22:30; jeudi: 06:00 – 22:30; vendredi: Fermé; samedi: 06:00 – 22:30; dimanche: 06:00 – 22:30","places/ChIJ0y8hd06Ifg0RqXYaGq07If8/photos/ATKogpencLF_w-EiNHLBPPfNZwnAm4_SbrNgTLVsW5atZywj0CmYO8NJrNZvcNaadh-jDFuSkPhpS1OQViUjNE0SV1-WV9ae5yagm_g_ZeaY3fKhakwgnpR9gz5bETBp-i4LfwomqLimyaturFuQ3EvikFrExwku4cdgZZDmodPwlJ37pFqCbLf3e3ULkubf_alQHruaL5m-I9dp2Gu1P1L-cHJkhmpL7bya-mekV5zQj9ekJcBLD9NO8DbTCSz7rlTBtjyGqL8hcrxUTC7i0U9F--j3Af5NXfqkCyIB-MIid_eGil6YKdWkC-8jkrg-fp_D-X_2ip5SYpW318GJpX51ArGotGqnUTre5giQikFvsZIgln7l3Mu6j1CDg3UktW5rHzqj7bfqZEmJA774ADxfIM37fuAYpHoVu6pzWIp6pzcIK6kF","https://www.google.com/maps/search/?api=1&query=35.700944199999995,-0.6280424&query_place_id=ChIJ0y8hd06Ifg0RqXYaGq07If8"
"ChIJu-pcORWJfg0RbSXcvYiMuZs","Planete Fitness","M8CP+PRC, Oran","Oran",35.6718216,-0.662975,"+213 41 21 82 64","",4.2,40,"lundi: 07:00 – 23:00; mardi: 07:00 – 23:00; mercredi: 07:00 – 23:00; jeudi: 07:00 – 23:00; vendredi: 07:00 – 23:00; samedi: 07:00 – 23:00; dimanche: 07:00 – 23:00","places/ChIJu-pcORWJfg0RbSXcvYiMuZs/photos/ATKogpdI69f0ceWCj5NEQZyJh9g4bb87yNkFXV5HXMeuFM1Fa2-cYG3RGOWFJ1-6M1svoBiCo5tbvC_NhPCF5-nH7vvzXUPOAYLnizQzFkWtImenk_vIICosRY9ByRCMXw98-GRbmQcu0Cex5cpNcdczXS5mxREM15ZOdexUdLwplRSOsEJB0ewuKJ553WTY59e16WM9ZJ5DvKArAsu5wK-NC4XjND4j0mdeygFxDqBYidey98FqGHa6Q0P1xae2gd-Y7YjwWTd9y3y3wDLUu_gW8ru8WgWXvVEnB34TuKpQUSh8ytFZfBi0DXTAuiAVJpDNDKh55TJfk82NBbEHIUVhRgaJ1hU8SevS5qkO2SnwYzD4Zk6C7P0IL6UZZzBpgSVdNcNcZv_aq7n_2ORWGQjK1T45oQZcR-MnMdBgjUN3YuWXCf4","https://www.google.com/maps/search/?api=1&query=35.6718216,-0.662975&query_place_id=ChIJu-pcORWJfg0RbSXcvYiMuZs"
"ChIJoyprkzWIfg0RQ1zYIS5YBuY","Metal Sport Boukli","13 Avenue Ramdane Cheikh، El Makkari","Oran",35.6993715,-0.6195473,"+213 553 59 15 92","",4.1,38,"lundi: 08:00 – 20:00; mardi: 07:00 – 23:30; mercredi: 08:00 – 23:30; jeudi: 08:00 – 20:00; vendredi: 16:00 – 23:30; samedi: 07:00 – 23:30; dimanche: 07:00 – 23:30","places/ChIJoyprkzWIfg0RQ1zYIS5YBuY/photos/ATKogpeizrYnd_TDowIYDpwl0wtC9Vbw-tsfghjHlyx3M2PhHyM-5Fq-uBgXyPoOaOgLsowCVJjQEldp4J9GPwUMkeN3TF_8l476q3iCpF31ta_lCDT3E2AoMZHc2UpiLDAnpiQjOaevv6J46JMLCQMiqmYH3ZTRdXn-eMh9WuNKQ-8LVqCy2QrTWiCjbJeUr1aU4Lfm-bkXQN98FAqAIQzIvqLyQUo9gn6S9YIVj1o5Qd2rklqQC9EPNLPXI7nWSAnkTo1L72gvZF4styngHJ5FT9hSCLy8CAtaW-0-QAWwqwYBlA","https://www.google.com/maps/search/?api=1&query=35.6993715,-0.6195473&query_place_id=ChIJoyprkzWIfg0RQ1zYIS5YBuY"
"ChIJD2oY9a5w8RIRPretNEZieAo","Salle Vip Fitness","8HMP+WFW, Constantine","Constantine",36.334860299999995,6.5862155,"","",3.9,16,"","","https://www.google.com/maps/search/?api=1&query=36.334860299999995,6.5862155&query_place_id=ChIJD2oY9a5w8RIRPretNEZieAo"
"ChIJSa8iegCzjxIRL2QgiAWC27Y","Khrouba","Q323+3J2, El Mouradia","Alger",36.750139,3.0540092000000003,"","",4.3,4,"","","https://www.google.com/maps/search/?api=1&query=36.750139,3.0540092000000003&query_place_id=ChIJSa8iegCzjxIRL2QgiAWC27Y"
"ChIJ77e9TDWJfg0RQoLedhwSAFA","Wolf Gym Oran","M9RF+6R4, Rue Cap Gazi Boudjemaa, Oran","Oran",35.6905043,-0.625437,"","https://wolfgymoran.wordpress.com/",4,6,"","","https://www.google.com/maps/search/?api=1&query=35.6905043,-0.625437&query_place_id=ChIJ77e9TDWJfg0RQoLedhwSAFA"
"ChIJ23eAXwB38RIRxNnMt_cbA8U","Salle de musculation","112, Constantine 25000","Constantine",36.3501676,6.6003025,"","","","","lundi: 07:00 – 23:00; mardi: 07:00 – 23:00; mercredi: 07:00 – 23:00; jeudi: Fermé; vendredi: Fermé; samedi: 07:00 – 23:00; dimanche: 07:00 – 23:00","","https://www.google.com/maps/search/?api=1&query=36.3501676,6.6003025&query_place_id=ChIJ23eAXwB38RIRxNnMt_cbA8U"
"ChIJ4-ODrCh38RIRbnQGzM9gVnk","Femme active","22 rue zouiche amar, Constantine","Constantine",36.3647158,6.638050499999999,"","",5,2,"","places/ChIJ4-ODrCh38RIRbnQGzM9gVnk/photos/ATKogpcGX2UQCPZZ384MeaJkMCPPi4EIqP1Oa8e85fQK0e03gOq68_KQL1-AJ9buOf5W20wY7yk-NgocC60gT_Kh339DHC15EuY9s8lKLpr54vRkWkXmlOIvbrUGQsaxv8bbvvBWiRryX08zmCWQ0hK-KM8KaDgJqSBi307JnMS9zrX71bwBAuWve82nyYJZ4vVuvzbILXUAyF99zQLE_UD0amvTi9EmDGJaqrPdMTqVS63TCMtwjWW0tQQf4M82i7HiktuSlM407ko3JPx4w1vgoCEX-VaxgEpsQTW5uxpcZLqstdD-vu0OZKnuSplfS3ToCq7ngmY2I5q_t19skEDTQjS1Zrys_Tx8D2NPFnroOsfnbp7KDV6SNAOLRO2uIt_Msx8bNiJu30jmrmX-2wto4ygtMHiI0icr9HVbx2uiCiLcZkIA","https://www.google.com/maps/search/?api=1&query=36.3647158,6.638050499999999&query_place_id=ChIJ4-ODrCh38RIRbnQGzM9gVnk"
"ChIJ-d3Rh3CzjxIRUD7BqwVsoBY","House of Pain Dz","Tour, Bd Hales Said, El Madania 16000","Alger",36.7456544,3.0599898,"+213 781 09 86 02","",4.7,45,"lundi: 06:30 – 00:00; mardi: 06:30 – 00:00; mercredi: 06:30 – 00:00; jeudi: 06:30 – 00:00; vendredi: 15:00 – 00:00; samedi: 06:30 – 00:00; dimanche: 06:30 – 00:00","places/ChIJ-d3Rh3CzjxIRUD7BqwVsoBY/photos/ATKogpd8PvNfDf3A1Rd_3mKXxuh5kiWCQzU8a5bwJZstXeklWs8oXCxuSkVrHJNjyp-0yb53k8zCB9OjdceV2VB_MGjIn1tQpQKFCdCe4bTgusauBaVkJbz-tS972l95bsjy3EFDGKJNulAbhPTZIdCG3ylwszIxXFjIgXtQD3oGqjClu6NJYu1YC4FwuzQHlK3F5ehEcfbckFFyFZA4EljQ7jcoS0q05pgFdv2bCk-agz5q2sLa3agWfR01enca7pyXqjcfmn9ZWlh6Zg4dvt901ZoQCDzceoMlv6qGF-Vaeho3vA","https://www.google.com/maps/search/?api=1&query=36.7456544,3.0599898&query_place_id=ChIJ-d3Rh3CzjxIRUD7BqwVsoBY"
"ChIJK_vF1JCJfg0Rpjbp7l8Dg7w","RD GYM","56 Rue Med Boudiaf, Oran","Oran",35.6996794,-0.6396062,"+213 776 59 17 99","",4.6,12,"lundi: 07:00 – 23:00; mardi: 07:00 – 23:00; mercredi: 07:00 – 23:00; jeudi: 07:00 – 23:00; vendredi: 09:00 – 19:00; samedi: 07:00 – 22:00; dimanche: 07:00 – 23:00","places/ChIJK_vF1JCJfg0Rpjbp7l8Dg7w/photos/ATKogpf2B6KoM0YIlWQb6ew745yvRGBxFk6hSUj2I6oqEAUcOgrioChjHoP4RxgnGNyaSphVmrqYcGKMqAnfu23LFW72ucTGLh71qitz10vP7j1m7KWtfBpt9ZM_ACiaEckuZuhXxnQABwN6tmfYA8Z6CSF0MfJ9mKhOEG0AjuKVisIf2n2ncDOn1UOHYFneT69wCYcSp03Lvebs9bKNn5CxKao3H1RL0s7NypoPglNRGHQBSKD-MGVLdM0gvjJe7r6nPiuyVQe1H4JcWPcP4_ZXVChIwPJvBdK-bYiWcdNRD_1YXw","https://www.google.com/maps/search/?api=1&query=35.6996794,-0.6396062&query_place_id=ChIJK_vF1JCJfg0Rpjbp7l8Dg7w"
"ChIJxQL7axKzjxIRy5se8my0v_4","Évolution fitness El biar","28 Rue Hamidou Souiki, El Biar","Alger",36.771858,3.0345948,"+213 549 93 01 25","",4.3,48,"lundi: 06:00 – 23:00; mardi: 06:00 – 23:00; mercredi: 06:00 – 23:00; jeudi: 06:00 – 23:00; vendredi: 08:00 – 21:00; samedi: 06:00 – 23:00; dimanche: 06:00 – 23:00","places/ChIJxQL7axKzjxIRy5se8my0v_4/photos/ATKogpcD-sE87kvDBbtGKp8nOC8As1iL14TkBpVdK_hkmo2mZb8l4aoeJPCF7eaPAlGIF2kir9SG3VVV6upGOCiPILb19vYCTUP-s9oqkPPf2M-jg6IAR0i8eBc1dpBqlXFtu6gX_ZuFUbCgy5aJpc0VV7HySrv3d_CXYSx0Edyqckymc_uSnYX-j2-BVoMt1NMHsv16tjH43gjXdug2LpoVJ3ATQCXEYbHRH7R-SQmR4QF3jDUx7cKXRrVlJmaOS5ks8IJBqhJjCxFo7g7NixSNpxX1VfKPbF0MJiEtFV_dmnpmAl7er6roWs6Ct8irlCPfY7LviGPV4F5o2l2KjAXHLLfJEiAtgYQe2qmE08K0Grgt6jGFTAEkfu_LBRmdUYqrObuWkb5g0YJuz4iPRudA-Q32D3vZEdUV3zvb_J4FrPTyQg","https://www.google.com/maps/search/?api=1&query=36.771858,3.0345948&query_place_id=ChIJxQL7axKzjxIRy5se8my0v_4"
"ChIJG8nuKxCyjxIR7SIJWNnQl98","ALHAMBRA","RESIDENCE CHABANI - VAL D'HYDRA RESIDENCE CHABANI, Hydra 16035","Alger",36.7547507,3.0298201,"+213 20 06 87 46","http://www.alhambra-dz.com/",4.4,36,"lundi: 09:00 – 21:00; mardi: 09:00 – 20:00; mercredi: 09:00 – 21:00; jeudi: 09:00 – 20:00; vendredi: Fermé; samedi: 09:00 – 18:00; dimanche: 09:00 – 20:00","places/ChIJG8nuKxCyjxIR7SIJWNnQl98/photos/ATKogpdjNO66i79p-q9ZSOicn8t5hYe1TfB_Z_83zqda-6NAIH3-stC9vXBy2dVC9wit0QcgbuqbStWZ4M8eS30ZOhEjxx_GxaFl-1Qm84BdkGHqLNgFoiO5T65Iq7qFwxIBpwWIydo-fsI-yrHKy7lwlPTADgxYqSyUIj2vrQSzZx3Uz5e5RZkqU7w6xuIEa9Int3FKHcNzH51t-M7a61et_l58nxt0_sJ-i11cOyCTaROQmilokpAQkg2PHaODXcKObA3vkQ5Ny6O9upeFGLjXh3CC9tr3IKYP_RD4mg8dARzSag","https://www.google.com/maps/search/?api=1&query=36.7547507,3.0298201&query_place_id=ChIJG8nuKxCyjxIR7SIJWNnQl98"
"ChIJO_butf6tjxIREdyvCAg4ukE","Fitness house sidi yahia","2 Chem. Sidi Yahia, Hydra","Alger",36.738650799999995,3.0371984999999997,"","",3.9,68,"lundi: 06:00 – 22:00; mardi: 06:00 – 22:00; mercredi: 06:00 – 22:00; jeudi: 06:00 – 22:00; vendredi: 15:00 – 22:00; samedi: 06:00 – 22:00; dimanche: 06:00 – 22:00","places/ChIJO_butf6tjxIREdyvCAg4ukE/photos/ATKogpcpT_o3ICQfdYf3yFzLtwr00X0-G70y44hNfmndWPKJZFkvUtmCT6K4OeHKePSQvBpiSqzUSbAbfhfNQEGEd-VojV8TLAjCNH24EusP0HshTRu0bKe4rW8kmUqXh2Tcurs3MPfc3Ax0-Ya3BQqA2pTCa8cQuU7aes74ggWEKepXlFOi8QE9WcqjoIDxEjo5kSde4YcSgV7d3zHBiZ2vX2X3O11GOqg5gsDfJadIvaVybDBmE1kOHVOVHa10egQCSYpuLoYMQOe7Ffzd-PcJAp4YkG4hqyLl09Rq6Sw74pe5NA","https://www.google.com/maps/search/?api=1&query=36.738650799999995,3.0371984999999997&query_place_id=ChIJO_butf6tjxIREdyvCAg4ukE"
"ChIJLUkcdkl38RIRKTo7Ayqgtj0","قاعة متعددة الرياضات برشاش محمد بلقاسم","Complexe sportif - les terrasses, Constantine","Constantine",36.343848,6.606285499999999,"+213 656 30 50 20","",4.2,10,"","places/ChIJLUkcdkl38RIRKTo7Ayqgtj0/photos/ATKogpdVWtxls6jFjKYh8KTO0K0HGxmawZiFTisRR5F5K2hLlcpdg3DHEZcldQYZtwSX2N1RFfNkxt5Cjhr82zdFn4BOAJRrcEwxrZaKneuL2Rl9CPe9WVA0eypfbRMsg5Y8kqI9K509QQFoq7M_kQollNuinCzRJkn6Boh2J_JDNOf40YFKz7v7EdPOWquQPlmJ7SIAFrCPUz7XbaEGxln5Qz3g5dbY0tc8HQnXGWSMtt0Gd4y6YlIPg7_nz9rWGJeRAu9-gxm1020m6KyDDecOzfUOTUGzZKt0MZI9NzHZP8QqQcfo_aaalDqm8qxaJpaLdl1G18pxcqlyHMceRWK_O9ftFceQiNJOwR-hVaNRq410xxXMYoxjphuQBSA7m22rUrztHrKcYGikuWOu5dvZ_hbBVNzUHtE2dsL6eyx1cJSc1X1H","https://www.google.com/maps/search/?api=1&query=36.343848,6.606285499999999&query_place_id=ChIJLUkcdkl38RIRKTo7Ayqgtj0"
"ChIJ2SzjsjWIfg0R_Rmlp3x2Exo","Olympia Gym","M9XJ+HPW, Oran","Oran",35.6989904,-0.6181587,"+213 775 43 95 15","",3.6,58,"lundi: 06:00 – 01:00; mardi: 06:00 – 01:00; mercredi: 06:00 – 01:00; jeudi: 06:00 – 01:00; vendredi: 06:00 – 12:00, 14:00 – 01:00; samedi: 06:00 – 01:00; dimanche: 06:00 – 01:00","places/ChIJ2SzjsjWIfg0R_Rmlp3x2Exo/photos/ATKogpf_-6FKu5pa__RcWp-pWfDEh_1A8g4F5uCaNo1N19hCGBvRSkP-wogUdICenxkIpsms7gXgDIE3Wos2h9d-GT08EfnUJ2qtpQbmzTDNaLjHEQAAQT60y-kAI8xNRjBYJFqRJt0w4u_wrlWKTbe-ra5pCKnhDd8p4gSiGXBM95spzfpCEVQOKN_Wa2sb1PyMehYt1faP58HyFqT0DgB48VVrx2wSJ4qxQvhkywZR6Wwt6Kn72XlH5z3X8w4A_aE93LbHvV0W5qFxDJXi4lIC76s-3GQhXlwT8KltX8w4mgMdopwRTteDq2eGepRkD76cWTHg1M-S3hGg1DcWQ0KUKDXdC9C6eAUsD10Au0b2PcbpCUueE-gTSQOAoalf5QPRgz7gUcJji2cW7uiXBdX7Z7FmOu_dGWWsKrRijPdrJuyU6g","https://www.google.com/maps/search/?api=1&query=35.6989904,-0.6181587&query_place_id=ChIJ2SzjsjWIfg0R_Rmlp3x2Exo"
"ChIJka0WsPh38RIR1SpesFmOSiA","FNC FITNESS","43 rue hmida benteliss, Sidi Mabrouk، Constantine 25000","Constantine",36.3567345,6.6281199,"+213 552 20 99 06","",4.7,20,"lundi: 06:00 – 22:00; mardi: 06:00 – 00:00; mercredi: 06:00 – 00:00; jeudi: 06:00 – 00:00; vendredi: 07:00 – 22:00; samedi: 06:00 – 00:00; dimanche: 06:00 – 00:00","places/ChIJka0WsPh38RIR1SpesFmOSiA/photos/ATKogpeO_JZaSbSUAOynTu5kIF5TeVk-LmNscu6jMPjLfdrG8icZ8yNM3dAzFsnQTrqq8QosWTTPVBDP0QMlKFotFly2cldtk8yQx2M13j-zJHEVJpjfwaHsKpjbLamhgHPRXHJPQkYuLkoKctRKFkQsIUyaA63fpUyPxiuj29HXsrrM3k1Ut4NXubC1YWSxLf9AB6cSSjEl6jR8Jt5Uo6jwnuJjNrSLAUN8IqkuV-pFTBbepyVvFkgjgOXPZb1aKQWlaPL0YojYbt8EJyGcTghzGLY31qQ4OvoG3i7-talU51m2jg","https://www.google.com/maps/search/?api=1&query=36.3567345,6.6281199&query_place_id=ChIJka0WsPh38RIR1SpesFmOSiA"
"ChIJZasfz3p38RIRYWmhijT_MzM","Chaaba","8JRF+4Q2, Constantine","Constantine",36.340581,6.6230902,"","",4.7,6,"lundi: Ouvert 24h/24; mardi: Ouvert 24h/24; mercredi: Ouvert 24h/24; jeudi: 08:00 – 17:35; vendredi: Fermé; samedi: Ouvert 24h/24; dimanche: Ouvert 24h/24","places/ChIJZasfz3p38RIRYWmhijT_MzM/photos/ATKogpeESLntQOKg1uvXjZBwJpPqZm91F4pJvrJVRsTEKcTPwDTuc-gGM3VX7NZNuC5n0WD-F4ZyXajV2POIVReRmBctFM4tE508usNyHA4rKs-h72KEVBsaTMx2Le2Y1ash5mzin2QjhCH0G5dAq-FfWkTmv1-h-mCgFBlFdwzalItiPXppWoCjLEye2ZAMTsVszp3Xh4Heqo4d5lLTpugQCzV1LzBqCk6wuDOvU-ufJVa-pn5SJWF6Df9WmYws1sA-1i5xXXrV-fRxVXQxFphxlIsVlEUzEneQqX4mBIjdDUhcsmCixCxVigGBWMq0WZkcMQ0tzUrlldc1C0EmN2jXo4mzlDrOs0Zu486ltBVKaPOdtcq-_uC9w0-wz2yMbe9_je-woHyAmV93sQean05N8_g1Lg9h-Wo4ksjgcV7dSNk","https://www.google.com/maps/search/?api=1&query=36.340581,6.6230902&query_place_id=ChIJZasfz3p38RIRYWmhijT_MzM"
"ChIJK799SdazjxIRYSsw2ECSJUg","SPA Maison Al Fatiha (Hammam & Massage | Que pour Femmes)","P2WH+F9G, Hydra","Alger",36.746169099999996,3.0285979999999997,"+213 561 16 90 27","https://www.instagram.com/spa.maison.alfatiha?igsh=MWIwZ20wdG01ZzF5dg%3D%3D&utm_source=qr",4.4,134,"lundi: 09:00 – 23:00; mardi: 09:00 – 23:00; mercredi: 09:00 – 23:00; jeudi: 09:00 – 23:00; vendredi: 09:00 – 23:00; samedi: 09:00 – 23:00; dimanche: 09:00 – 23:00","places/ChIJK799SdazjxIRYSsw2ECSJUg/photos/ATKogpfOF-GdafA0N3bUBC2tKh_Mtxkct9Y3bpLQrmXDMrW3UR8DoHNzCK3lm-fmGhhYSzeyaLtqRXTSpEY0TUPLKjO3CckTxkdcbs52x89vAySkEJcHyIv6etCSxz2MBBpA3h3uZ3k1DNNr8ZMXj9vnH7zgnnFIW9-Y7nxx0P510S5WA8OKpk-b9_FAB8-FYp1-Rpw_xS_bnD-v50JspBFGfv4G50OUHiecOwMZK_V7rTHjAultlPeIuMM_pud0UCEMwFtyP8-mKu2B57lCIUbW3zCx1BJ0tMU5mMHxKRToJ81uIw","https://www.google.com/maps/search/?api=1&query=36.746169099999996,3.0285979999999997&query_place_id=ChIJK799SdazjxIRYSsw2ECSJUg"
"ChIJN4rsvCKJfg0RvlojTYmgGZA","Fitness factory","P96P+8RW, Rue Di Bou Kheloua Cheikh, Oran","Oran",35.7108713,-0.6129152999999999,"","",4.3,38,"lundi: 07:00 – 23:30; mardi: 07:00 – 23:30; mercredi: 07:00 – 23:30; jeudi: 07:00 – 23:30; vendredi: 07:00 – 23:30; samedi: 07:00 – 23:30; dimanche: 07:00 – 23:30","places/ChIJN4rsvCKJfg0RvlojTYmgGZA/photos/ATKogpdHxybOxZQHZEom7TiVdfnlXOzpnplwH9LOCERzOeIEq0f1HNMg8sH6t_xdEeb-Nm2E3RB1QFg1WUVB36AUy6FelGOj3qZK8LrW09rt0Pyv8geqgbzCJGqV7OhCUvxVtvutGfqRUvzrP5ahNGSWX3I9gkruXodNIBWKhA7kluhBZ8y2CHcj43bM27BYKnxetIKOY1xbbqMIMWGW-9ivg_cww9Aee6zlQClPj4g7XsKxPH9VP2F3dJA6ig1LWYTlpc-uVwV7OVdSF9xqGCdJsTYRxIizSTCI01ynagsH7cFexPlDfJNTvHxCxCfA8W49yJBN-vyEx794hY6eyWssTo2MIj9MASZ7YaSxrpnVxZ2KZGV1199ScMXqZ282yNF3suege83hAdDnmQPz0Lr-BrBAeBJ4_dzor09WExcCzn43wg","https://www.google.com/maps/search/?api=1&query=35.7108713,-0.6129152999999999&query_place_id=ChIJN4rsvCKJfg0RvlojTYmgGZA"
"ChIJvfNB72978RIRnaS7ES0m2zE","STAMINA GYM","298 Mahmoud haddad, Constantine 25000","Constantine",36.338878699999995,6.5833265,"+213 31 60 50 43","","","","lundi: 06:30 – 22:00; mardi: 06:30 – 22:00; mercredi: 06:30 – 22:00; jeudi: 06:30 – 22:00; vendredi: 14:00 – 22:00; samedi: 06:30 – 22:00; dimanche: 06:30 – 22:00","","https://www.google.com/maps/search/?api=1&query=36.338878699999995,6.5833265&query_place_id=ChIJvfNB72978RIRnaS7ES0m2zE"
"ChIJb7Bv0LazjxIRJ6ecqfEJvqU","Home Fit","19 Rue de Cirta, Hydra 16000","Alger",36.7470052,3.0433613,"+213 562 41 21 70","",3.8,77,"lundi: 06:00 – 22:00; mardi: 06:00 – 22:00; mercredi: 06:00 – 22:00; jeudi: 06:00 – 22:00; vendredi: 08:00 – 12:00, 16:00 – 22:00; samedi: 06:00 – 22:00; dimanche: 06:00 – 22:00","places/ChIJb7Bv0LazjxIRJ6ecqfEJvqU/photos/ATKogpdzbI7l85_8N3zuADZci32ABYYETk-cczee6NMeMBJFTZGSAgsZUzcVms82wYFr37OehV8Gap-yKO5XMroP4UUwxpkmv1SiPT7yxnCx3p4Zgbb69nUOyFYviJaWhtuQZjpHMaZZ0wPtmehSR1m6Ch4S8Jlkmk2GfyS15xPHJRKRyjcpPhlQzSEegdN122_ZXXYr6-qXXCBVK8foF4J6Qs7Vrvzp7MvIvkVYoPlQxsp_1eGPoHIbx5GepKxzsHcza6ISaUYiU4-NG5Wkq91xnXYH-AQV3o2coPi7Mn1s8UHgOg","https://www.google.com/maps/search/?api=1&query=36.7470052,3.0433613&query_place_id=ChIJb7Bv0LazjxIRJ6ecqfEJvqU"
"ChIJkQPy_sF28RIRgRqxOt-dvrI","No Limits Gym","9J6P+3WW, Constantine","Constantine",36.360225799999995,6.6373231,"+213 553 26 38 11","",3.5,2,"lundi: 06:30 – 22:30; mardi: 06:30 – 22:30; mercredi: 06:30 – 22:30; jeudi: 06:30 – 22:30; vendredi: Fermé; samedi: 06:30 – 22:30; dimanche: 06:30 – 22:30","places/ChIJkQPy_sF28RIRgRqxOt-dvrI/photos/ATKogpfkHXdbkQk8dPX-ynyfL4zbmzqeh8n9lKDZvw_nyX4eKBbdnuQxvJLQ3HGHil4RZHDwEkWraQJ4ROlFHcw74MbyL2xp_xkKafFl1yceYdmKPCz-lLacwuxPyZXrb4R---tTY-eQ5wHhJVFiP8VQRdsF4-7lhSv0qDPPP-dOXBdy3Zo4YsjAvQ53kR8jsd7bq6mc-JLTFQ2adS4jKq2dLpf9EjnwDDgRe_vcwI-RN8qCHAS_l5SwQW5lCN-LFEgHI_aA32dGWhdvAttpqtQ9Tml5QyfT0bYbpog5dMwd814iCPGyVxJPzQQ2vAoayAUqVWap8f0JdhjnUceivqEnRt5-T5RxElghSDVdSLanXED1Fc7KF47T1CT4RaAlBtYkclVzd8SZFL36BauzbJVfXKCxWy8MNm08Px068R5lsQUqxA","https://www.google.com/maps/search/?api=1&query=36.360225799999995,6.6373231&query_place_id=ChIJkQPy_sF28RIRgRqxOt-dvrI"
"ChIJ09wr5KqtjxIR3dZSoYafSn8","Source fitness & gym","20 Rue Fabri MARCELLO, Bir Mourad Raïs","Alger",36.7368021,3.0623736,"+213 772 07 15 06","https://www.instagram.com/source_fitness01",4,22,"lundi: 06:00 – 22:30; mardi: 06:00 – 22:30; mercredi: 06:00 – 22:30; jeudi: 06:00 – 22:30; vendredi: 08:00 – 12:00, 15:30 – 21:30; samedi: 06:00 – 22:30; dimanche: 06:00 – 22:30","places/ChIJ09wr5KqtjxIR3dZSoYafSn8/photos/ATKogpdcDljFDJP-J9aH10qAfPs2L57vrOFh4nsJeLmG-2FS8ZQPi-AvIqDUOftkBocfNZW4mC-NvGk2gMMiz7qk3S9c_sz-SXKs9uj3eqE0JN5t943J3HEZxiHqLIA8Oz_PjODa2f7QDAkzhCXTfDCc-CgiGYI9wYNyFkKPv7XZPVhIt4RnvE-xKEUkmfvfwzxGsplL4x22WYaqb58nqwRsS27QMviFMRuDjASycfqp10Xm39qe0q4c58vyC573oJtdjPKX0rE9kSdFvtTlhHi3sdfQIiJ0CBVT6WQqvW5leQLLLRNrs3OXaldhl9k7NqCRpFLB6nDEmbhwlYp_2ZJ9zdfmkyObKXypwrnQV4axFU-qNmg9eH29iChGrHvCpcsfiLWZF10Mlx0AZ8b8ZUPgCd8raXuDBEBr0x0EcB5ibjnkPjCB","https://www.google.com/maps/search/?api=1&query=36.7368021,3.0623736&query_place_id=ChIJ09wr5KqtjxIR3dZSoYafSn8"
"ChIJqapeGt6tjxIRExO5t1AJQDY","Oxygène Fitness Club","Hydra","Alger",36.739800300000006,3.0382192999999997,"+213 770 27 42 74","",4.2,44,"lundi: 06:00 – 22:00; mardi: 06:00 – 22:00; mercredi: 06:00 – 22:00; jeudi: 06:00 – 22:00; vendredi: 15:00 – 22:00; samedi: 08:00 – 22:00; dimanche: 06:00 – 22:00","places/ChIJqapeGt6tjxIRExO5t1AJQDY/photos/ATKogpc3xXa7ElhVnV9qm8iOigxa5QpKqjjliciLbvbc04b5Jla3n9w1TnV6R1Yy37pVXFtdxNP0acaWJraqs0y5l19VHZQNRU8loduh9occNge1Jw2Bwa2RpuWpS5FG0VF4QFd1MWsWu4z-ybzMCi3plXsOYK9z8qZtc4bE9Gz9vt-xMFj3xi6kXVxmT3ih0lwwZvLvDhjsF6bcY-qkFjj4NdGy8TUeFo_dz8eNMyO34TxhKSB0V0qNAwHkcODLTMgFBtCh0o8TzuBPL1oHZU_O8mhCHZj89utDV2Msoqeud4jDKg","https://www.google.com/maps/search/?api=1&query=36.739800300000006,3.0382192999999997&query_place_id=ChIJqapeGt6tjxIRExO5t1AJQDY"
"ChIJGSIr3oCJfg0RkX0Le6BU9F4","World Gym Oran","P96G+QH4, Oran","Oran",35.7118975,-0.623541,"+213 560 04 61 71","",4.3,25,"lundi: 06:00 – 22:00; mardi: 06:00 – 22:00; mercredi: 06:00 – 22:00; jeudi: 06:00 – 22:00; vendredi: 15:00 – 22:00; samedi: 06:00 – 22:00; dimanche: 06:00 – 22:00","places/ChIJGSIr3oCJfg0RkX0Le6BU9F4/photos/ATKogpcyGIA6pDy3fjzD4c73ZzhjavAWqpOZ9HAeZ-BBghWiVmhzZKq0ErZVJEPJ8jTEL1wdBFaSWtOd06uBB2UzRiRPibc-xs-FIJrhpdbEoFaCSkj6HJMO08CeslXv8qlH7vlcpHDMvxurhO1N-mV_UIoTxiGWpCOXUwkAPfHygnQmwGTV4v2fj0FuqU7LWVI9vv04_p0tV_95BV9H3tqF1WWDhAbWuVIB6vnimXIZjEKYWinXcsv6rCDWnbC2jdOzi69fBQ_HEgkO-HdaObVwrJfZa6dG8jdKbrXtal4dqB-oupJdVP-UNW_4aYyXf4BLHaAbuk2rqZNbN0KrnWG3BLk8ROe2X7XYYgU5XdAb8NgCbfRJgA0S0Ztjl44JHRkcG-H-hw-lg03lIKu35GW_bDm6CUMOZV-4xEdEbnBU-pc_xFo","https://www.google.com/maps/search/?api=1&query=35.7118975,-0.623541&query_place_id=ChIJGSIr3oCJfg0RkX0Le6BU9F4"
"ChIJi8T-FwBjfg0RCLKi4CBs5mg","Power fitness Oran plaza","Plaza, Oran","Oran",35.717935000000004,-0.5988397,"","",3.8,16,"","places/ChIJi8T-FwBjfg0RCLKi4CBs5mg/photos/ATKogpeacFK6qfFCDQQbfmfhZcDBS9nM8PV-rSFIe0_bF6ZNuEG5PahmPrjL8jEpqCeIRLv9u4PZ1d_Xk-ldpazmiyr7PKqAdG_mbskiLQ_JwIooOunUkPtT4Ldvl653lmKl8knDM5UgqraIpqArEfBHebmJUvmgzq0VAgX9Sf3GB1kXEfY-MYB9xK-aSu_mzsdUSNmXVn5rP6ywxREEzIJmzmULeenCbbGwJ-Bc1YxB0OA1MccEEBRNhZaV21tq1Z22gr7_Qj602fL875s16xmGWghn7G2WtiBNAn2wtrH9Cxbh9G5NijoOhvjxFqeOf9nWfDcNGSCe2suTFlThmu_NOPGprKOOIXsmS-31bY7DSRdWfvJihC2VNG8T55JX002a5xCowmf_vUl2FP_hoM-jTkTpC-8QoXyjixb7JkKjZ1tj9CjHdgm9GOq9EDNlmqlX","https://www.google.com/maps/search/?api=1&query=35.717935000000004,-0.5988397&query_place_id=ChIJi8T-FwBjfg0RCLKi4CBs5mg"
"ChIJM3aQIgB38RIRBpZIC15XwA8","Beast_gym_25","8JX3+W7C, Constantine","Constantine",36.3498004,6.603144100000001,"+213 798 47 64 45","",4.3,3,"lundi: 08:00 – 23:00; mardi: 08:00 – 23:00; mercredi: 08:00 – 23:00; jeudi: 08:00 – 23:00; vendredi: 03:00 – 23:00; samedi: 08:00 – 23:00; dimanche: 08:00 – 23:00","places/ChIJM3aQIgB38RIRBpZIC15XwA8/photos/ATKogpdiq6NHg9p55EDFCRUgOWgmsjnhVXk7eHOMHhI0h-A4xHUO32u0_YTC8gLqa5Z469SLkzBEwo9FWYnE1tArleFAEfI7Bh6QrQYdWzYoLbXo68Ltgr4qxB6aGEB22xNq7RVHH7Iax163b9ETMbjATXamF-mo6oaF_Au2Afx0sVWJnSNb_OHKYEq-eKmr7z-ekZpz0vCJLJFPwBAXdo6Asldh-9LxHgTlHnisS--Ehs1LIMs0rc0rcVzAZ3uuNT9Binn6XFlVw7BEpgLkWRhdcx3mfTACLippvgRF-1J0ARadgOP7wHNVmKetnbe3NcY0-iLI4I1kNSIzMjMWx7kDKRKj8hGzfqBNdqqGuX61Hy9jXcwdgKkwd0_Y8Jpa7ifxXLkkRhTNRhKEB1_2EBXBOpKqZUU0XN4A7naHzDS57Vk","https://www.google.com/maps/search/?api=1&query=36.3498004,6.603144100000001&query_place_id=ChIJM3aQIgB38RIRBpZIC15XwA8"
"ChIJZ8fE-ZF38RIRXQOeOXMtGqE","golden body","9J6P+7WP, Constantine","Constantine",36.3607225,6.637319199999999,"+213 779 48 78 98","",4,6,"","","https://www.google.com/maps/search/?api=1&query=36.3607225,6.637319199999999&query_place_id=ChIJZ8fE-ZF38RIRXQOeOXMtGqE"
"ChIJBd2PZlGtjxIRt3ZA8W6PlyM","Gym time","P3J9+MMR, Kouba","Alger",36.731730899999995,3.0691493,"+213 23 70 59 47","",3,24,"","","https://www.google.com/maps/search/?api=1&query=36.731730899999995,3.0691493&query_place_id=ChIJBd2PZlGtjxIRt3ZA8W6PlyM"
"ChIJF5auDiB38RIRZ3uWWLC93KI","Salle omnisports du Mansourah","9J9Q+M23, Constantine","Constantine",36.369129799999996,6.6375554,"","",4,3,"","places/ChIJF5auDiB38RIRZ3uWWLC93KI/photos/ATKogpcFHt9XAJok2o3OJNErfrSekid7rtN_fR_yYkzIZMuhWMWOQVPOmQr9JAvkZlKXBVB_r--qdqjdHYGuwD58MCOLUg3kDJWL-MCnZo9mxhXxE7CJQ_qzh-NJvuxy2a5X3xJeghNBO9xBuWk_yTTBMSwN4oxNbirAQ7XZc8a7FLz61R5CEZz1qxgEIefDlF2DMUx7gVG04TXa384JS8Ik4v0CiIIVxgpihTvq3SipwVIUZmhMx4EFVm01FNCo-RfzmHlDhr0cpn_9ug4jH98l3nJ8w4gv25ZpzjcgUPuC8eH_8IeRcWhMb-fmJJAQvtrbbIIjHmebVJVsjeh1S5r2Q7bPaU7Wmo_WPRaI6qE9_uVCo3BQxOaoXrsX0uf62Kh2GQEsbgN_XRdijQDYJlfYHWkxOo2GCqd0j3yinnL0EK8","https://www.google.com/maps/search/?api=1&query=36.369129799999996,6.6375554&query_place_id=ChIJF5auDiB38RIRZ3uWWLC93KI"
"ChIJRza29gx38RIRz7DYR30OXfw","MUSCLE PLUS","8JX5+M3P, Constantine","Constantine",36.3492086,6.607710699999999,"","",4.3,10,"lundi: 17:00 – 21:30; mardi: 17:00 – 21:30; mercredi: 17:00 – 21:30; jeudi: 17:00 – 21:30; vendredi: Fermé; samedi: 17:00 – 21:30; dimanche: 17:00 – 21:30","places/ChIJRza29gx38RIRz7DYR30OXfw/photos/ATKogpeWHzqKU08skIjPxN-RlbOFvbf7WqAwkefZj5i_pI4Gb31vWyyK0VJDgAFR_D85FxNfqQUbOLGJsR5u6Zq3al7CPH8WVj5WWcdmDdSVNshozVNlVVxpTqxhw-tyLPJiSs2ZPmk2OZVTmb4ykYH86S4FgQvZ6OHzyB8Rsk8dq5iDrKvPTHhqz24C16SqrC18qcoRkrZKCmJH4ouWA4iaZ1C2vYGQILk5mZ91wsy1dNZjzda-on3CftHIjAHDrT36PDcZwDEC2Hhd2sFDaX-6B2lNooOlh2MRfqmTVSvMoa01Gm0-iAG9FKWk1cdkzyPy84mQaUz3Yg5uNw-0BLhfrKP9GqYJzD-Pm7s1DnJQJEpxmM3FjDhjR-6-Hn4uA-v2jgQ0z0ruXUG_B_hBDVwj2_0Il_FcK2EtRvyKTV3j0r2N7g","https://www.google.com/maps/search/?api=1&query=36.3492086,6.607710699999999&query_place_id=ChIJRza29gx38RIRz7DYR30OXfw"
"ChIJf3-JQD538RIR_xcEUKAlyiE","ASPTTC","9J63+9C6, Rue Benmohamed Abdelhamid, Constantine","Constantine",36.3609013,6.6035242,"","",4.2,6,"","","https://www.google.com/maps/search/?api=1&query=36.3609013,6.6035242&query_place_id=ChIJf3-JQD538RIR_xcEUKAlyiE"
"ChIJX35QtJKzjxIRBDhCifrUV8o","Five Gym Club","Bd Mohamed V, Alger Centre 16000","Alger",36.7679931,3.0523602000000003,"+213 21 63 68 31","",3.4,94,"","places/ChIJX35QtJKzjxIRBDhCifrUV8o/photos/ATKogpfyiGaHV0wqO_0JFd9xhY0HlF8b5IVKmqWrf560McuQ6Ecj7cSdhcG52zukfqfpNlGr-Z_g3jHTs9Bi4NHSvZ84hwUspdXxrh9g8hotBaRy1vkIIk4Cw8YyZnG5doLhpazECN3O2vt6wEsFgvcGTyAsBBuR3zmdK24z5xEqyR2BdSn3w6wh2mkk9l00mFS5dh5uF1xIq_e_SLDAyJx4IkutgoXm6mCoJRVPwb2z4DDxGF5vftC2f1H2tpVQRMn5YFCBoHrQNXEyjmhpLnHjLP1jyrGGryNbDzpgQoi7D-3RgQ","https://www.google.com/maps/search/?api=1&query=36.7679931,3.0523602000000003&query_place_id=ChIJX35QtJKzjxIRBDhCifrUV8o"
"ChIJActANKCyjxIRKI-855fKOiU","Body Fitness Center","Rue Rabah Takdjourt, Mohamed Belouizdad","Alger",36.744718000000006,3.0786935,"+213 21 67 67 55","",3.8,49,"lundi: 06:00 – 00:00; mardi: 06:00 – 00:00; mercredi: 06:00 – 00:00; jeudi: 06:00 – 00:00; vendredi: 15:00 – 00:00; samedi: 06:00 – 00:00; dimanche: 06:00 – 00:00","places/ChIJActANKCyjxIRKI-855fKOiU/photos/ATKogpdlDhipeKXWSIVcHjn6RzpdV4sDenaFL_EyDZIDPogHbCQXAe36y-ajKQIZtBLanbw4-oyFAfY2iwf5o7DV0jVVhcmexZqcGt1XDkABmz0ZO28hcbup5j-ss4CDNtLOl6taoTMJvdzyzarmxs7yrIEDf71T8hGzhaw5MfQKowsXZJsIFfkQL_bnuKrBm_Api0KR-Fw0-gluUmPy5smjAe8UvFSjXXag_Z4DMWTMYTgn7_P4Q3NXy6EY6GduXk_SNJkKyVeJxqqXYTQ-bxJJQZ-0btG_KoaPShflzoKmdoWLvQ","https://www.google.com/maps/search/?api=1&query=36.744718000000006,3.0786935&query_place_id=ChIJActANKCyjxIRKI-855fKOiU"
"ChIJMe0w0QiJfg0Rt4Qfk4sQhTA","Maxi Fitness","M9J4+RG3, Rue Rached Aoued, Oran","Oran",35.682016499999996,-0.6436892000000001,"+213 41 23 30 52","",4.5,57,"lundi: 06:00 – 00:00; mardi: 06:00 – 00:00; mercredi: 06:00 – 00:00; jeudi: 06:00 – 00:00; vendredi: 06:00 – 00:00; samedi: 06:00 – 00:00; dimanche: 06:00 – 00:00","places/ChIJMe0w0QiJfg0Rt4Qfk4sQhTA/photos/ATKogpeppvfGXHMJ1zD1YAnBWtFLLlKzBNgmOCObWZKh4JdG8wAIt2aidKsXYJOljomhJbt9m_SrD0W4MylUy64KkT7PACXuTWfkmUaXpGM_pbUzz4K-8-vys-kxpEg8967oUz6pKwlW6s2tN2vmPq-h_Bgb8xT_5NT2ANcrrnHtuCXOtsg0wj3qNNGDlaVEWwqyhfH3cRbWF8w8tqU_X3NyFsLxl5Ntanj5CkIlLUrqkSEe6wwUIQFre7ZmWCxrJaXjTSEzd138Z0vsYIOIUJvNOVYO1uQgE4bY0WwAiKla_FRJeZv9_W6b4ER_60fSMgFuABloD_X15ARjDbn4d6MGpsuCHLgyo1P6ipxtBYsVbJ5ygtW5xJRlD8tDHbsw4YU4YgZkljgjRLTHJ9omR2iIemX1sE56VGvp9QuQVU3d7anP4g","https://www.google.com/maps/search/?api=1&query=35.682016499999996,-0.6436892000000001&query_place_id=ChIJMe0w0QiJfg0Rt4Qfk4sQhTA"
"ChIJc5tu1g2Jfg0R-683xfaIVC0","Salle De Musculation BOUAFIA GYM","Rue Belair, Oran 31000","Oran",35.699585899999995,-0.626223,"+213 795 40 98 25","",4.7,15,"lundi: 07:00 – 00:00; mardi: 07:00 – 00:00; mercredi: 07:00 – 00:00; jeudi: 07:00 – 00:00; vendredi: Fermé; samedi: 07:00 – 00:00; dimanche: 07:00 – 00:00","places/ChIJc5tu1g2Jfg0R-683xfaIVC0/photos/ATKogpdw7gQHAKRdZbtOUj4o7oQ0KVGVNXvjgWUJoEss8GmHnczO3nH4VJNEhU4mXymvy81cDHGthK7LYiOnSLdBPHibLSYZ0DXBld_mqMdJDnGaiDjJlzmIs3BX7EfXX5ZbAsSiqJ5q0BbKiaUxFRU6wJjUbyw4QZX3suIPLanQq2kr9RzYWyVJbJC0AcalIoRD-eG0Wi0x9TrVVqHZ8bFa7afx5JRqsNsM5wbg6Gfgof9D60wASDni-2w64UywuOES7WeQ1i-WerA0HCtIGYKT-g_e68RYO63KyjvmKKZNEza2LA","https://www.google.com/maps/search/?api=1&query=35.699585899999995,-0.626223&query_place_id=ChIJc5tu1g2Jfg0R-683xfaIVC0"
"ChIJQ1lotKOzjxIRgAzRwuRj_Ic","Mashouda Team","Rue du Philosophe Aristote Ex rue de la Cordiere BT 04 étage 01 Local n 08 1604, Belouizdad 16015","Alger",36.743897499999996,3.0818906,"+213 660 84 86 82","https://www.instagram.com/team.mashouda?igsh=MTBuZnE0ajN2NGc2ag%3D%3D&utm_source=qr",4.8,33,"lundi: 07:00 – 22:00; mardi: 07:00 – 22:00; mercredi: 07:00 – 22:00; jeudi: 07:00 – 22:00; vendredi: 07:00 – 22:00; samedi: 07:00 – 22:00; dimanche: 07:00 – 22:00","places/ChIJQ1lotKOzjxIRgAzRwuRj_Ic/photos/ATKogpfTKt_mKeU5WitKUV8io7pYch8tchLDGKoegSODBNzNgZEDMBcSB0JCTrk09XXvWFFjGmvPSCeSS3DxL9vQRg9oZMi9dPRL9T0VvIBHMfR5tVnQQwitHWLnmk-1S__3HMXpd0zn2WdIRmF-fSJSAiuNRa2yengm7oeglhM5PWrvXOEfjCmE8g9iBXjFjOqCWn5RzRV8PrFUs_6ZlyQzpfUwvd_1e-pF8lf16QHcX_pbvYquvqKQyq2QFA1uEllW1mh1mPFIMn0_TQXpJs71BN0Q0qjDSCpPskqDT70YbTo2xunxDMRmU8IpR59BgJj-JAUwtdEKhWZKncvSDsqBLq7rqXq5ZtEqnyEHj9QObXggbPy74fyzUXR3-k-oliNyQWLfVB0uryW9xqCHQ-elxtP-jLPImkMX0JkBM9wU_pTNqvws","https://www.google.com/maps/search/?api=1&query=36.743897499999996,3.0818906&query_place_id=ChIJQ1lotKOzjxIRgAzRwuRj_Ic"
"ChIJgfIgdQB38RIR1OxWhkFk_MY","Oxygen gym constantine","9J45+3VG Station Khemisti, Constantine","Constantine",36.355176799999995,6.6096942,"+213 555 92 82 23","",4.6,12,"lundi: 06:00 – 00:00; mardi: 06:10 – 00:10; mercredi: 06:10 – 00:10; jeudi: 06:10 – 00:10; vendredi: 06:11 – 00:11; samedi: 06:11 – 00:11; dimanche: 06:11 – 12:11","places/ChIJgfIgdQB38RIR1OxWhkFk_MY/photos/ATKogpfIL30k9DP2-pQQpU-OB6aoY-Ssdi93iewQoUfNYLOQcT3Gl8zqnhS3Wv2mqPDH0oZxgrKsntG_UNVZiET_PgH72BiHyNjkJ2RGWYiDX3RGngIoDKQn9gpWC0pd9gfpcRi5arE_PhK3XEe5ZvTPzJl9-YOUFaO8rbZTSsy9n-1uoHwcJAdruirvxIMl80PWG6OERAWQLnzLmGCXbvuBcl2FdaIPc29y-WJPsLKp5srwk43htdfB-b2zBuKi62AknkDc7L2MOQ9dVdh88t3Xt1IphgSoEJenN2i27g5R0nGmj24QYHbWzjYrANWr24E8OzrVW0FdChdTNMrB3eAs25woN1zYXG_K6rbDHcFBR1ApqdviStiJMZfyY43Hb_S4AnSJVTWPda864Bh-TzfNbIUfkm8uIwxnCntOhfJPSRHjyw","https://www.google.com/maps/search/?api=1&query=36.355176799999995,6.6096942&query_place_id=ChIJgfIgdQB38RIR1OxWhkFk_MY"
"ChIJzdcEoddx8RIRyRKah53i4DE","MYFiTBOX","Z.I EL rimel Boussouf,27, A, Constantine","Constantine",36.330352,6.5914008,"+213 770 99 66 21","",4.4,19,"lundi: 09:00 – 21:00; mardi: 09:00 – 21:00; mercredi: 09:00 – 21:00; jeudi: 09:00 – 21:00; vendredi: Fermé; samedi: 09:00 – 21:00; dimanche: 09:00 – 21:00","places/ChIJzdcEoddx8RIRyRKah53i4DE/photos/ATKogpfeWSUI8x9zJRtWrQNq1oaFm6cp5IGdOhgo4GgnibzN-tqkV4XIoEh--YTZ9Zy9gtXRqye8YWVGu1fJfapDhEBC6xN1URAXn5kak1r3AiDlM_Qss3_i_S8Mf0xJdJg93eUbXfuwIJ30umkjF1DO32d0zDLtcCcYrDDqtz3EqoMME1jm9IlqKGJWXgHBgUQMz7dMC9mcxShbr-bpsFnzEDnNT3_ZVYOnSWYX5wElcbxEcfDfuf7xx_lzHbf_rE3qvFvNjkHvh7cYe39P2VtrndkFaK97maQ3-_mi1atj-OylQncNBXdzGcuolrr-wmHtzefEapyDv4BPwYSlUdCJM0Eo5pba6tCqhD8azAaWUU1xBdBvqJl_XTXIuYAQFJmLdaUWuZNIae-MRV7XhgdcIklXvvtGrqzQQaF3doKSXx4Nrlva","https://www.google.com/maps/search/?api=1&query=36.330352,6.5914008&query_place_id=ChIJzdcEoddx8RIRyRKah53i4DE"
"ChIJd6CVJppifg0RSHJECwm2cwo","Power Gym, salle de musculation, fitness et cardio","Lot 06 Coopérative Hachemi Ghazali، HAI EMIR AEK(BeERNARDVILLE)، Oran 31056","Oran",35.711661,-0.593561,"+213 775 89 31 99","",4.4,145,"lundi: 06:30 – 23:00; mardi: 06:30 – 23:00; mercredi: 06:30 – 23:00; jeudi: 06:30 – 23:00; vendredi: Fermé; samedi: 06:30 – 23:00; dimanche: 06:30 – 23:00","places/ChIJd6CVJppifg0RSHJECwm2cwo/photos/ATKogpfUgam2stYoGK_oef3_3TuTqk6BlwKtziVe3ZCMIKkW2rHIXeBuDj0zvqVfvEkr5kHhSmSrFKJ27JZdJXryA2yS8eHzBGQ7EPtc4qsGieHNo5zES9-xjZRTif0w8QwJPcaXxjilvkcni91YAOjvj8XlvtJLfb9SZ7QTpln75q9Q1aJ21XkU1kDjmWghFO2aJqmlm6FAaK-3b04y6FFVTKv014NUJhrp1kw4MTX044UBt7R-uyoGqdx8se0wdVIiTLh20C1TrQlnGPjhAuBLR0GfbTxMqXIVL_YdxQVkOsz8AB0kel5jU1P_YCnbeCPufCsl3WPwBUVVPhD6g20rsdJ0Th7urxhf_CED5CMBDlnEEjwRLtkOjEltCOZmSLUdj7pFjzRj3uY1h51z91e5btesEE6ao3j-MjH5_aVxW-mUp9Hb","https://www.google.com/maps/search/?api=1&query=35.711661,-0.593561&query_place_id=ChIJd6CVJppifg0RSHJECwm2cwo"
"ChIJGReyaKd38RIRBVyzPWFQ6VQ","Fitness First","9J53+QG5، Rue Boudehane Messaoud، Constantine","Constantine",36.359375899999996,6.6038535000000005,"","https://www.facebook.com/Aissa.elhadef",3.3,6,"","places/ChIJGReyaKd38RIRBVyzPWFQ6VQ/photos/ATKogpeOVFsz-ZpZvM15wKRd9f6gAf4kzvzQoBucefjy6rTsysRbDlRbX08fEWsGdKrk6UC5YcH7k_0QVsloWtB0bUijDfSARBLwpfIwQYNRMv7qtwDaJqOoggrGmPgiCz2b3KS3JCxSP69iooBgmWGEi20iwDBfvo8bRYVAdTUmj21ByUbZA3CEsVaiQmpq1uPCucHxTHIChx6T9MYCFqziOYwu6l9McYOhSi9rYjkMrP5QEYeskQDONu0vgm2nDBI0yKMBm4JbND9sltUfTEsqbtql3o2zxFxM1uvZicEOOh3MWgyp8VTm_1maU7bR72LvrDK7dC87FxV9b9WhQ1EQ_HyuPD13TpPiQCgW-nFzFfV7vAyxKAQ4U2Kg8bk1SunH1ZN7Y-yDdm7gPaQcfCXcCfTu7E0Iou9y891SrNaQfQI","https://www.google.com/maps/search/?api=1&query=36.359375899999996,6.6038535000000005&query_place_id=ChIJGReyaKd38RIRBVyzPWFQ6VQ"
"ChIJw7IuBX138RIRBo0xFspbdSc","Premium Sport Club Constantine","56 rue des frères ghedjghedj, Constantine","Constantine",36.363658199999996,6.6407793999999996,"+213 770 78 56 42","",3.9,12,"lundi: 06:00 – 22:00; mardi: 06:00 – 22:00; mercredi: 06:00 – 22:00; jeudi: 07:00 – 22:00; vendredi: 08:00 – 19:00; samedi: 06:00 – 22:00; dimanche: 06:00 – 22:00","places/ChIJw7IuBX138RIRBo0xFspbdSc/photos/ATKogpdIvh5JhT2YQnfVK-243dTBZsXj6hPsYGe02MPLPQzv6V-KNwjXhAjeghuVnt0GS9G_WY3-8IeO9zBugJDznLxnEpy5Yv8wbNMIVP6ZDg037Tb3-4aqBB1KSj_PT7UpviroW4gii87tcUdD-7tzjB-SaOBxxLrW6GZnKkz7tWpvyRIOBiOL77bXBzgaTvv0ZtLhmAfO-RRkEnfqoONHsoKEgjARDZkOw3CLJ6leGVyzZQppwHK4Ue_P_PkohxSzSimv6ZmIPjI3WIifqFr-90_V55rGKPQY94A0N1pJKkQUUw","https://www.google.com/maps/search/?api=1&query=36.363658199999996,6.6407793999999996&query_place_id=ChIJw7IuBX138RIRBo0xFspbdSc"
"ChIJG8UAJwCJfg0RILNL-fZ4UKI","CitePetit","46 Rue Abed Bey Bey, Oran 31000","Oran",35.6772766,-0.6724133,"+213 696 35 72 42","",3,4,"","","https://www.google.com/maps/search/?api=1&query=35.6772766,-0.6724133&query_place_id=ChIJG8UAJwCJfg0RILNL-fZ4UKI"
"ChIJ_Xga3ZeJfg0R0edq9StfCh0","S18 TRAINING CLUB","14 rue mohamed Khemisti, Es Sénia 31000","Oran",35.6524425,-0.6264579,"+213 562 67 65 40","",4.9,32,"lundi: 09:00 – 22:30; mardi: 09:30 – 22:30; mercredi: 09:00 – 22:30; jeudi: 09:00 – 22:30; vendredi: 09:00 – 22:30; samedi: 09:00 – 21:00; dimanche: 09:00 – 22:30","places/ChIJ_Xga3ZeJfg0R0edq9StfCh0/photos/ATKogpeq-GiNNFM0A5vonMML0pFgUfbF40W5mVBqZTDrH1k07e9d9jECcZo_hY6qTNAOdc4VCIWajg-Ivdg4HquiAE2558J_9xQojLmd19dHXCnmMlSZwv9QMrqVVWMG2YTsaIla0y2cnA3pIOK8PINJRTHQYxACrOJrOcwTr9RsSQxvAhKXHhn6IaX8V94TOwZpSrtm91eyTQ-qmz3rmp0-oVT9tRLmF8ccs9hmbPqjMw8bNmU_2Bhv6fweagi4tIZiMQFXA5cWMmsTy8ZK9GGazyN-Ie5lEppbBZwmSGRmKERRjw","https://www.google.com/maps/search/?api=1&query=35.6524425,-0.6264579&query_place_id=ChIJ_Xga3ZeJfg0R0edq9StfCh0"
"ChIJ9dJX_qyzjxIRWtFRFrBWFik","Energym Alger","5 rue bouhamidi, Ave Mahmoud Boudjatit, Alger Centre 16000","Alger",36.7772714,3.0582778,"+213 794 08 14 59","",4.2,108,"lundi: 07:00 – 21:00; mardi: 07:00 – 21:00; mercredi: 07:00 – 21:00; jeudi: 07:00 – 21:00; vendredi: Fermé; samedi: 10:30 – 16:00; dimanche: 07:00 – 21:00","places/ChIJ9dJX_qyzjxIRWtFRFrBWFik/photos/ATKogpe_wB1kYXhZwFrv1vZVRm59xCL4Nx7L3wKafyIrf8cfCcUpNnt9LBbIW7NanmVBOriB8xFF2tt_Tjh2AFnphfillgf8l0FgD6hBgtXOfNIP_f_RO0NT_vdgIXGjmSS_Tm45uVfHSU7RWa4uJF--RLhGEAOxf-BKhV4ZEgoocFwFIVWoOIkbJ-jej5wWmrd5UnyhCltcR0adIvz4oAe6wjjPccM6vsaq2mmmoMDgoty-ABOZTFTV8beIcMFCDf_uEr4HZ8XbNy9biv7nh7YvD9kDee1dAgM7FKQFHl6fJgmM1Q","https://www.google.com/maps/search/?api=1&query=36.7772714,3.0582778&query_place_id=ChIJ9dJX_qyzjxIRWtFRFrBWFik"
"ChIJWR9ty3itjxIRyuF1DM0uVUg","Mina Sport","P3P5+XWV Les sources, 28 Rue Musette, Bir Mourad Raïs 16000","Alger",36.7372776,3.0589844,"+213 661 57 08 68","",4.4,36,"lundi: 09:30 – 21:00; mardi: 08:30 – 21:00; mercredi: 09:30 – 21:00; jeudi: 08:30 – 21:00; vendredi: 09:30 – 12:00; samedi: 09:30 – 21:00; dimanche: 08:30 – 21:00","places/ChIJWR9ty3itjxIRyuF1DM0uVUg/photos/ATKogpe-mC681YosMjEtWUBynKQ-Xd99nhSfOg_mreE7WHnN0gQE5tQID1BeLOiX0AksAfhqnGamm47qr6qgPeqkYArFRrak7sE1OZDLwfS_UCMxLvjj9X2w4q-hBWvFWzaom2l23oknKkY1AQil2DIszvxwZQhMvq_od8nHuiNL89JX9zYSva4ldpvdc5jN4gWgMcTz5QGoMRJvMDwMa9mkUkCT9jFoXEmmVFocTFM6tx9LZAG3nTW7IGKNI8FVaTykPDsVIq_r3Z2_UmMLk54O-X2HaICfnTXdDP_X-qP0BYY79A","https://www.google.com/maps/search/?api=1&query=36.7372776,3.0589844&query_place_id=ChIJWR9ty3itjxIRyuF1DM0uVUg"
"ChIJkasFJwB38RIR8X_l5w-w3w4","LosCampeon","9HJQ+7V4, Constantine","Constantine",36.3806346,6.5897102,"","",5,1,"","places/ChIJkasFJwB38RIR8X_l5w-w3w4/photos/ATKogpejYshxVynukPnMU6Gp1cJCRMH2R83HCAsDpAf9u6wP05hfZbypCrLFvt2XkO6mVJSm9viYU1V7J0GTsE-UvvBq6ScsLSj7ZpOILFnFUdOhSjA7PaFjgErwQJc3q1LmGxK1TpbTq1kVcU8a-1djTBsy9-VgLIyoCBGFGnvQh_fdaviNFZEl7X2Z7BmhfrXYypaHw6r3468HxPb62ztRHyj0Knq966Q-wuiiYgmwTWnlHahTgjoDBG56RTndVfHNt5iUx4-L-JDwzn_T1V65Wp3EjC4u5NRZMoCkzwnZbEvaB-BaNobO-z2VhkAFH1ag6b7Z_xjdgdpfK_YlXTjEpFcfjRa4bOhcHKiPb9NYNkc3wlegn1QkR1X9T8xavjV2zLk-vNIWko0VOuT_Ck_AxfrJtGpejZ9FBRlnNjYV96BmD6w","https://www.google.com/maps/search/?api=1&query=36.3806346,6.5897102&query_place_id=ChIJkasFJwB38RIR8X_l5w-w3w4"
"ChIJY6ZUjYGJfg0RGDd7s6bQrMg","ANSEUR SPORTS "" SPORT DE COMBATS "" MMA BJJ KICKBOXING","P928+GFV, Rue Bouachere, Oran","Oran",35.7013552,-0.6338332,"+213 774 54 16 83","",4.5,15,"lundi: 08:00 – 21:00; mardi: 08:00 – 21:00; mercredi: 08:00 – 21:00; jeudi: 08:00 – 21:00; vendredi: 08:00 – 21:00; samedi: 08:00 – 21:00; dimanche: 08:00 – 21:00","","https://www.google.com/maps/search/?api=1&query=35.7013552,-0.6338332&query_place_id=ChIJY6ZUjYGJfg0RGDd7s6bQrMg"
"ChIJIc-BHgCzjxIRDX5CSLe6GJw","Golf Elmouradia elmadania","69 Rue Ali Haddad, El Mouradia","Alger",36.7492192,3.0540141999999997,"","",4.5,26,"","places/ChIJIc-BHgCzjxIRDX5CSLe6GJw/photos/ATKogpcR4NtONHEkMOy2It6Q3fJt8lV0jLMV-KX5uae0kCnxAlA5WJB_GvK3MkdLUQpmPadcPSfB0ucvh3gOpYVz1WHDRQOEfbtjc5xYRPflvghYPggYH3lkC8t_LZOD4DtgIOSwtkzvTBxJKakHKx1GOxEI86yP5pUfjxXqG1jli_2HbLrDBj_2AOlxjD5FIgoclTGwZD9lOq0WlsLemzqXTluuRIM6Xv2X8aEqMGxUCLrX-l-qplJ8Zl3cZ1S6hCqfRC797TBSyhJAZ3z-7dMnEcu4IDxDesV5IQ6wSMQmRUgaA7lil1fu6E-E64rbHqVCitPAin73YQQEfryEAncOGCYCv4PvnyK9dfi8ljZRGAj-c04uMEbVSmHoRXvLGy6xCKeAAUIbXXvxjGVUq9pQW7uhf6ebK2h-edonCuC-kb6BmuA","https://www.google.com/maps/search/?api=1&query=36.7492192,3.0540141999999997&query_place_id=ChIJIc-BHgCzjxIRDX5CSLe6GJw"
"ChIJS528Sux28RIRfOZdo7e4cmQ","La Sall De Sports","9J9Q+999, Unnamed Road, Constantine","Constantine",36.368400099999995,6.638474700000001,"","",4.7,3,"","places/ChIJS528Sux28RIRfOZdo7e4cmQ/photos/ATKogpflWWyZgHAPehFWwnFPGa-7_XCuLgTpgl7IhhX0tptE_Z47DYk6Ps1Y16QHgRGNv-F9jGWnpTMz_kT4dmYEffj1wsGK3V3JVwj5ITku85eDrRn9Ey3Oa0ObYf0E6Hhd1XWUi7DMg5gjTYDFOTc_Jz4ljs0CkQo9V0KKpCZX3LODDJdTLbqCrNNkZm4UQHLLgRN_gU1Sq9vGDpG8bQYKiiPmZmC_4p2YkXVREPWjnLQqF5JVKgd6fIMiQ3DWitp5gF-E3_ALJPC673Iemv2jS4wWIFF4WE1smgZUGInxO7wEl3LLEz-Z-Zrph7j7WMdZDAOoV68hkC9-Y_Liv-tgA5VJxlPI-8UyLj-m--8o0sIM9PURRwJVSFbaWwif2kec5MFLIDaYN3T2A_l4UvWxVdpMcB05DNY2R2Eisr_Hyie_WEY","https://www.google.com/maps/search/?api=1&query=36.368400099999995,6.638474700000001&query_place_id=ChIJS528Sux28RIRfOZdo7e4cmQ"
"ChIJmxRpZQeJfg0RIJnWwQny728","Oxygen Gym Oran","M9H4+GCG, Oran","Oran",35.6787487,-0.6440478,"","",3.7,43,"lundi: 07:00 – 00:00; mardi: 07:00 – 13:00, 19:00 – 00:00; mercredi: 07:00 – 00:00; jeudi: 07:00 – 13:00, 19:00 – 00:00; vendredi: 16:00 – 21:00; samedi: 07:00 – 13:00, 19:00 – 00:00; dimanche: 07:00 – 00:00","places/ChIJmxRpZQeJfg0RIJnWwQny728/photos/ATKogpcIUI6KXH9uh8TKVRaZAvdz0kYLxadlvXyFF8nC99fzQ9KRbqeH-A-TnQ_i8rOvZybXHw1YBlorSQEeNVHhPOVouospJ9mVsIOboegAeXEJauD73z5ss0kEllOXv6yCb3wa5lhFLGlzF9TsVIv-Z1yM0vdPtVkFwNhJwNHMW3LVQi_-qCUApB9KRC7hJPBXmT83oZl-Kx38_7kZXK14kGxkc1Le2ACvQSctTBdqFZI1rATzxdXTTbF6AQa-W7cnJIF2L4sNbUzf6O9HGk3Labrn2VR_0gIMd61ds5VKYKSFnw","https://www.google.com/maps/search/?api=1&query=35.6787487,-0.6440478&query_place_id=ChIJmxRpZQeJfg0RIJnWwQny728"
"ChIJPScwqoOJfg0RGncj5Zb7Ew0","Salle de sports olympia pour elle","M9XG+XPW, Oran","Oran",35.699992,-0.6231808,"+213 558 10 76 03","",3.7,3,"lundi: 08:00 – 20:00; mardi: 08:00 – 20:00; mercredi: 08:00 – 20:00; jeudi: 08:00 – 20:00; vendredi: 08:00 – 20:00; samedi: 08:00 – 20:00; dimanche: 08:00 – 20:00","places/ChIJPScwqoOJfg0RGncj5Zb7Ew0/photos/ATKogpfpY1W-fUflm-S2LAU-UGu0kBtO1VKotCta2nM-YhDAE_S948XXeh8Aw_oKB-VMw1f4Ipo6f51DLRUBf2xNyw4fN7f4c5FK-ivdAZbfNgY2yh6XMYWQZerQljCSiBaPk0ZD6YURITqN8SBckXTfwXeYJrYT3nnjV3NXZcBtwkm-N9Tfab4qEIbp-mlT9Yb0u7WVQ4RZK4sdOTxwLG_UpPUwNRZHpwWR0HVJukK69wjSbJuEH0dwvd8IqEVOTgPegOE7hz_JvB9buTmSnYyoNpzwWC_SQZwiExXLCO8GoHalpdgrI17dmYjeaJEs4ryknVGmC8xkmyKYGc8gqO-Z_lOdLdNqSJaq7SeWlE18bhnblqXLvFgHRhny35n1LEO5kXlI0st98HoSLDKGSfS77BxW1bO2zlITjozT7I1lTqdf210","https://www.google.com/maps/search/?api=1&query=35.699992,-0.6231808&query_place_id=ChIJPScwqoOJfg0RGncj5Zb7Ew0"
